"Compulsion Type","compulsion_type_count","avg_y_compul_type"
"Counting","316","20.4145569620253165"
"Ordering","285","20.4035087719298246"
"Praying","286","20.0769230769230769"
"Checking","292","19.9897260273972603"
"Washing","321","19.3987538940809969"
