"Obsession Type","obession_type_count","avg_y_bocs_score"
"Harm-related","333","20.6516516516516517"
"Contamination","306","19.6699346405228758"
"Religious","303","19.2310231023102310"
"Symmetry","280","19.6714285714285714"
"Hoarding","278","21.0107913669064748"
